"login";"id";"node_id";"avatar_url";"gravatar_id";"url";"html_url";"followers_url";"following_url";"gists_url";"starred_url";"subscriptions_url";"organizations_url";"repos_url";"events_url";"received_events_url";"type";"site_admin"
"abignoli";12516687,00;"MDQ6VXNlcjEyNTE2Njg3";"https://avatars1.githubusercontent.com/u/12516687?v=4";"";"https://api.github.com/users/abignoli";"https://github.com/abignoli";"https://api.github.com/users/abignoli/followers";"https://api.github.com/users/abignoli/following{/other_user}";"https://api.github.com/users/abignoli/gists{/gist_id}";"https://api.github.com/users/abignoli/starred{/owner}{/repo}";"https://api.github.com/users/abignoli/subscriptions";"https://api.github.com/users/abignoli/orgs";"https://api.github.com/users/abignoli/repos";"https://api.github.com/users/abignoli/events{/privacy}";"https://api.github.com/users/abignoli/received_events";"User";0
"alextosatto";3879798,00;"MDQ6VXNlcjM4Nzk3OTg=";"https://avatars3.githubusercontent.com/u/3879798?v=4";"";"https://api.github.com/users/alextosatto";"https://github.com/alextosatto";"https://api.github.com/users/alextosatto/followers";"https://api.github.com/users/alextosatto/following{/other_user}";"https://api.github.com/users/alextosatto/gists{/gist_id}";"https://api.github.com/users/alextosatto/starred{/owner}{/repo}";"https://api.github.com/users/alextosatto/subscriptions";"https://api.github.com/users/alextosatto/orgs";"https://api.github.com/users/alextosatto/repos";"https://api.github.com/users/alextosatto/events{/privacy}";"https://api.github.com/users/alextosatto/received_events";"User";0
"AlfioRussoBS";23240818,00;"MDQ6VXNlcjIzMjQwODE4";"https://avatars0.githubusercontent.com/u/23240818?v=4";"";"https://api.github.com/users/AlfioRussoBS";"https://github.com/AlfioRussoBS";"https://api.github.com/users/AlfioRussoBS/followers";"https://api.github.com/users/AlfioRussoBS/following{/other_user}";"https://api.github.com/users/AlfioRussoBS/gists{/gist_id}";"https://api.github.com/users/AlfioRussoBS/starred{/owner}{/repo}";"https://api.github.com/users/AlfioRussoBS/subscriptions";"https://api.github.com/users/AlfioRussoBS/orgs";"https://api.github.com/users/AlfioRussoBS/repos";"https://api.github.com/users/AlfioRussoBS/events{/privacy}";"https://api.github.com/users/AlfioRussoBS/received_events";"User";0
"ambrogio-bendingspoons";9831001,00;"MDQ6VXNlcjk4MzEwMDE=";"https://avatars1.githubusercontent.com/u/9831001?v=4";"";"https://api.github.com/users/ambrogio-bendingspoons";"https://github.com/ambrogio-bendingspoons";"https://api.github.com/users/ambrogio-bendingspoons/followers";"https://api.github.com/users/ambrogio-bendingspoons/following{/other_user}";"https://api.github.com/users/ambrogio-bendingspoons/gists{/gist_id}";"https://api.github.com/users/ambrogio-bendingspoons/starred{/owner}{/repo}";"https://api.github.com/users/ambrogio-bendingspoons/subscriptions";"https://api.github.com/users/ambrogio-bendingspoons/orgs";"https://api.github.com/users/ambrogio-bendingspoons/repos";"https://api.github.com/users/ambrogio-bendingspoons/events{/privacy}";"https://api.github.com/users/ambrogio-bendingspoons/received_events";"User";0
"bolismauro";771999,00;"MDQ6VXNlcjc3MTk5OQ==";"https://avatars3.githubusercontent.com/u/771999?v=4";"";"https://api.github.com/users/bolismauro";"https://github.com/bolismauro";"https://api.github.com/users/bolismauro/followers";"https://api.github.com/users/bolismauro/following{/other_user}";"https://api.github.com/users/bolismauro/gists{/gist_id}";"https://api.github.com/users/bolismauro/starred{/owner}{/repo}";"https://api.github.com/users/bolismauro/subscriptions";"https://api.github.com/users/bolismauro/orgs";"https://api.github.com/users/bolismauro/repos";"https://api.github.com/users/bolismauro/events{/privacy}";"https://api.github.com/users/bolismauro/received_events";"User";0
"bp14";14848796,00;"MDQ6VXNlcjE0ODQ4Nzk2";"https://avatars2.githubusercontent.com/u/14848796?v=4";"";"https://api.github.com/users/bp14";"https://github.com/bp14";"https://api.github.com/users/bp14/followers";"https://api.github.com/users/bp14/following{/other_user}";"https://api.github.com/users/bp14/gists{/gist_id}";"https://api.github.com/users/bp14/starred{/owner}{/repo}";"https://api.github.com/users/bp14/subscriptions";"https://api.github.com/users/bp14/orgs";"https://api.github.com/users/bp14/repos";"https://api.github.com/users/bp14/events{/privacy}";"https://api.github.com/users/bp14/received_events";"User";0
"chiaradepaoli";26380052,00;"MDQ6VXNlcjI2MzgwMDUy";"https://avatars0.githubusercontent.com/u/26380052?v=4";"";"https://api.github.com/users/chiaradepaoli";"https://github.com/chiaradepaoli";"https://api.github.com/users/chiaradepaoli/followers";"https://api.github.com/users/chiaradepaoli/following{/other_user}";"https://api.github.com/users/chiaradepaoli/gists{/gist_id}";"https://api.github.com/users/chiaradepaoli/starred{/owner}{/repo}";"https://api.github.com/users/chiaradepaoli/subscriptions";"https://api.github.com/users/chiaradepaoli/orgs";"https://api.github.com/users/chiaradepaoli/repos";"https://api.github.com/users/chiaradepaoli/events{/privacy}";"https://api.github.com/users/chiaradepaoli/received_events";"User";0
"cipolleschi";11162307,00;"MDQ6VXNlcjExMTYyMzA3";"https://avatars3.githubusercontent.com/u/11162307?v=4";"";"https://api.github.com/users/cipolleschi";"https://github.com/cipolleschi";"https://api.github.com/users/cipolleschi/followers";"https://api.github.com/users/cipolleschi/following{/other_user}";"https://api.github.com/users/cipolleschi/gists{/gist_id}";"https://api.github.com/users/cipolleschi/starred{/owner}{/repo}";"https://api.github.com/users/cipolleschi/subscriptions";"https://api.github.com/users/cipolleschi/orgs";"https://api.github.com/users/cipolleschi/repos";"https://api.github.com/users/cipolleschi/events{/privacy}";"https://api.github.com/users/cipolleschi/received_events";"User";0
"cvandarch";35196717,00;"MDQ6VXNlcjM1MTk2NzE3";"https://avatars3.githubusercontent.com/u/35196717?v=4";"";"https://api.github.com/users/cvandarch";"https://github.com/cvandarch";"https://api.github.com/users/cvandarch/followers";"https://api.github.com/users/cvandarch/following{/other_user}";"https://api.github.com/users/cvandarch/gists{/gist_id}";"https://api.github.com/users/cvandarch/starred{/owner}{/repo}";"https://api.github.com/users/cvandarch/subscriptions";"https://api.github.com/users/cvandarch/orgs";"https://api.github.com/users/cvandarch/repos";"https://api.github.com/users/cvandarch/events{/privacy}";"https://api.github.com/users/cvandarch/received_events";"User";0
"earien";16707680,00;"MDQ6VXNlcjE2NzA3Njgw";"https://avatars3.githubusercontent.com/u/16707680?v=4";"";"https://api.github.com/users/earien";"https://github.com/earien";"https://api.github.com/users/earien/followers";"https://api.github.com/users/earien/following{/other_user}";"https://api.github.com/users/earien/gists{/gist_id}";"https://api.github.com/users/earien/starred{/owner}{/repo}";"https://api.github.com/users/earien/subscriptions";"https://api.github.com/users/earien/orgs";"https://api.github.com/users/earien/repos";"https://api.github.com/users/earien/events{/privacy}";"https://api.github.com/users/earien/received_events";"User";0
"elestefani";36852507,00;"MDQ6VXNlcjM2ODUyNTA3";"https://avatars2.githubusercontent.com/u/36852507?v=4";"";"https://api.github.com/users/elestefani";"https://github.com/elestefani";"https://api.github.com/users/elestefani/followers";"https://api.github.com/users/elestefani/following{/other_user}";"https://api.github.com/users/elestefani/gists{/gist_id}";"https://api.github.com/users/elestefani/starred{/owner}{/repo}";"https://api.github.com/users/elestefani/subscriptions";"https://api.github.com/users/elestefani/orgs";"https://api.github.com/users/elestefani/repos";"https://api.github.com/users/elestefani/events{/privacy}";"https://api.github.com/users/elestefani/received_events";"User";0
"elsBS";40764743,00;"MDQ6VXNlcjQwNzY0NzQz";"https://avatars2.githubusercontent.com/u/40764743?v=4";"";"https://api.github.com/users/elsBS";"https://github.com/elsBS";"https://api.github.com/users/elsBS/followers";"https://api.github.com/users/elsBS/following{/other_user}";"https://api.github.com/users/elsBS/gists{/gist_id}";"https://api.github.com/users/elsBS/starred{/owner}{/repo}";"https://api.github.com/users/elsBS/subscriptions";"https://api.github.com/users/elsBS/orgs";"https://api.github.com/users/elsBS/repos";"https://api.github.com/users/elsBS/events{/privacy}";"https://api.github.com/users/elsBS/received_events";"User";0
"enrimarti";12032073,00;"MDQ6VXNlcjEyMDMyMDcz";"https://avatars2.githubusercontent.com/u/12032073?v=4";"";"https://api.github.com/users/enrimarti";"https://github.com/enrimarti";"https://api.github.com/users/enrimarti/followers";"https://api.github.com/users/enrimarti/following{/other_user}";"https://api.github.com/users/enrimarti/gists{/gist_id}";"https://api.github.com/users/enrimarti/starred{/owner}{/repo}";"https://api.github.com/users/enrimarti/subscriptions";"https://api.github.com/users/enrimarti/orgs";"https://api.github.com/users/enrimarti/repos";"https://api.github.com/users/enrimarti/events{/privacy}";"https://api.github.com/users/enrimarti/received_events";"User";0
"fabiolucini";39261653,00;"MDQ6VXNlcjM5MjYxNjUz";"https://avatars1.githubusercontent.com/u/39261653?v=4";"";"https://api.github.com/users/fabiolucini";"https://github.com/fabiolucini";"https://api.github.com/users/fabiolucini/followers";"https://api.github.com/users/fabiolucini/following{/other_user}";"https://api.github.com/users/fabiolucini/gists{/gist_id}";"https://api.github.com/users/fabiolucini/starred{/owner}{/repo}";"https://api.github.com/users/fabiolucini/subscriptions";"https://api.github.com/users/fabiolucini/orgs";"https://api.github.com/users/fabiolucini/repos";"https://api.github.com/users/fabiolucini/events{/privacy}";"https://api.github.com/users/fabiolucini/received_events";"User";0
"fbertola";8020907,00;"MDQ6VXNlcjgwMjA5MDc=";"https://avatars3.githubusercontent.com/u/8020907?v=4";"";"https://api.github.com/users/fbertola";"https://github.com/fbertola";"https://api.github.com/users/fbertola/followers";"https://api.github.com/users/fbertola/following{/other_user}";"https://api.github.com/users/fbertola/gists{/gist_id}";"https://api.github.com/users/fbertola/starred{/owner}{/repo}";"https://api.github.com/users/fbertola/subscriptions";"https://api.github.com/users/fbertola/orgs";"https://api.github.com/users/fbertola/repos";"https://api.github.com/users/fbertola/events{/privacy}";"https://api.github.com/users/fbertola/received_events";"User";0
"FlorindaFLP";38105339,00;"MDQ6VXNlcjM4MTA1MzM5";"https://avatars1.githubusercontent.com/u/38105339?v=4";"";"https://api.github.com/users/FlorindaFLP";"https://github.com/FlorindaFLP";"https://api.github.com/users/FlorindaFLP/followers";"https://api.github.com/users/FlorindaFLP/following{/other_user}";"https://api.github.com/users/FlorindaFLP/gists{/gist_id}";"https://api.github.com/users/FlorindaFLP/starred{/owner}{/repo}";"https://api.github.com/users/FlorindaFLP/subscriptions";"https://api.github.com/users/FlorindaFLP/orgs";"https://api.github.com/users/FlorindaFLP/repos";"https://api.github.com/users/FlorindaFLP/events{/privacy}";"https://api.github.com/users/FlorindaFLP/received_events";"User";0
"fonesti";28312286,00;"MDQ6VXNlcjI4MzEyMjg2";"https://avatars3.githubusercontent.com/u/28312286?v=4";"";"https://api.github.com/users/fonesti";"https://github.com/fonesti";"https://api.github.com/users/fonesti/followers";"https://api.github.com/users/fonesti/following{/other_user}";"https://api.github.com/users/fonesti/gists{/gist_id}";"https://api.github.com/users/fonesti/starred{/owner}{/repo}";"https://api.github.com/users/fonesti/subscriptions";"https://api.github.com/users/fonesti/orgs";"https://api.github.com/users/fonesti/repos";"https://api.github.com/users/fonesti/events{/privacy}";"https://api.github.com/users/fonesti/received_events";"User";0
"francescopat";791527,00;"MDQ6VXNlcjc5MTUyNw==";"https://avatars3.githubusercontent.com/u/791527?v=4";"";"https://api.github.com/users/francescopat";"https://github.com/francescopat";"https://api.github.com/users/francescopat/followers";"https://api.github.com/users/francescopat/following{/other_user}";"https://api.github.com/users/francescopat/gists{/gist_id}";"https://api.github.com/users/francescopat/starred{/owner}{/repo}";"https://api.github.com/users/francescopat/subscriptions";"https://api.github.com/users/francescopat/orgs";"https://api.github.com/users/francescopat/repos";"https://api.github.com/users/francescopat/events{/privacy}";"https://api.github.com/users/francescopat/received_events";"User";0
"frankdilo";715405,00;"MDQ6VXNlcjcxNTQwNQ==";"https://avatars2.githubusercontent.com/u/715405?v=4";"";"https://api.github.com/users/frankdilo";"https://github.com/frankdilo";"https://api.github.com/users/frankdilo/followers";"https://api.github.com/users/frankdilo/following{/other_user}";"https://api.github.com/users/frankdilo/gists{/gist_id}";"https://api.github.com/users/frankdilo/starred{/owner}{/repo}";"https://api.github.com/users/frankdilo/subscriptions";"https://api.github.com/users/frankdilo/orgs";"https://api.github.com/users/frankdilo/repos";"https://api.github.com/users/frankdilo/events{/privacy}";"https://api.github.com/users/frankdilo/received_events";"User";0
"fredoBS";29543649,00;"MDQ6VXNlcjI5NTQzNjQ5";"https://avatars0.githubusercontent.com/u/29543649?v=4";"";"https://api.github.com/users/fredoBS";"https://github.com/fredoBS";"https://api.github.com/users/fredoBS/followers";"https://api.github.com/users/fredoBS/following{/other_user}";"https://api.github.com/users/fredoBS/gists{/gist_id}";"https://api.github.com/users/fredoBS/starred{/owner}{/repo}";"https://api.github.com/users/fredoBS/subscriptions";"https://api.github.com/users/fredoBS/orgs";"https://api.github.com/users/fredoBS/repos";"https://api.github.com/users/fredoBS/events{/privacy}";"https://api.github.com/users/fredoBS/received_events";"User";0
"fringuel";40147404,00;"MDQ6VXNlcjQwMTQ3NDA0";"https://avatars3.githubusercontent.com/u/40147404?v=4";"";"https://api.github.com/users/fringuel";"https://github.com/fringuel";"https://api.github.com/users/fringuel/followers";"https://api.github.com/users/fringuel/following{/other_user}";"https://api.github.com/users/fringuel/gists{/gist_id}";"https://api.github.com/users/fringuel/starred{/owner}{/repo}";"https://api.github.com/users/fringuel/subscriptions";"https://api.github.com/users/fringuel/orgs";"https://api.github.com/users/fringuel/repos";"https://api.github.com/users/fringuel/events{/privacy}";"https://api.github.com/users/fringuel/received_events";"User";0
"fs-bendingspoons";36845513,00;"MDQ6VXNlcjM2ODQ1NTEz";"https://avatars1.githubusercontent.com/u/36845513?v=4";"";"https://api.github.com/users/fs-bendingspoons";"https://github.com/fs-bendingspoons";"https://api.github.com/users/fs-bendingspoons/followers";"https://api.github.com/users/fs-bendingspoons/following{/other_user}";"https://api.github.com/users/fs-bendingspoons/gists{/gist_id}";"https://api.github.com/users/fs-bendingspoons/starred{/owner}{/repo}";"https://api.github.com/users/fs-bendingspoons/subscriptions";"https://api.github.com/users/fs-bendingspoons/orgs";"https://api.github.com/users/fs-bendingspoons/repos";"https://api.github.com/users/fs-bendingspoons/events{/privacy}";"https://api.github.com/users/fs-bendingspoons/received_events";"User";0
"Furanchesko";35941085,00;"MDQ6VXNlcjM1OTQxMDg1";"https://avatars3.githubusercontent.com/u/35941085?v=4";"";"https://api.github.com/users/Furanchesko";"https://github.com/Furanchesko";"https://api.github.com/users/Furanchesko/followers";"https://api.github.com/users/Furanchesko/following{/other_user}";"https://api.github.com/users/Furanchesko/gists{/gist_id}";"https://api.github.com/users/Furanchesko/starred{/owner}{/repo}";"https://api.github.com/users/Furanchesko/subscriptions";"https://api.github.com/users/Furanchesko/orgs";"https://api.github.com/users/Furanchesko/repos";"https://api.github.com/users/Furanchesko/events{/privacy}";"https://api.github.com/users/Furanchesko/received_events";"User";0
"greber";1574049,00;"MDQ6VXNlcjE1NzQwNDk=";"https://avatars3.githubusercontent.com/u/1574049?v=4";"";"https://api.github.com/users/greber";"https://github.com/greber";"https://api.github.com/users/greber/followers";"https://api.github.com/users/greber/following{/other_user}";"https://api.github.com/users/greber/gists{/gist_id}";"https://api.github.com/users/greber/starred{/owner}{/repo}";"https://api.github.com/users/greber/subscriptions";"https://api.github.com/users/greber/orgs";"https://api.github.com/users/greber/repos";"https://api.github.com/users/greber/events{/privacy}";"https://api.github.com/users/greber/received_events";"User";0
"jessgotti";35565768,00;"MDQ6VXNlcjM1NTY1NzY4";"https://avatars2.githubusercontent.com/u/35565768?v=4";"";"https://api.github.com/users/jessgotti";"https://github.com/jessgotti";"https://api.github.com/users/jessgotti/followers";"https://api.github.com/users/jessgotti/following{/other_user}";"https://api.github.com/users/jessgotti/gists{/gist_id}";"https://api.github.com/users/jessgotti/starred{/owner}{/repo}";"https://api.github.com/users/jessgotti/subscriptions";"https://api.github.com/users/jessgotti/orgs";"https://api.github.com/users/jessgotti/repos";"https://api.github.com/users/jessgotti/events{/privacy}";"https://api.github.com/users/jessgotti/received_events";"User";0
"katerinity";36011914,00;"MDQ6VXNlcjM2MDExOTE0";"https://avatars0.githubusercontent.com/u/36011914?v=4";"";"https://api.github.com/users/katerinity";"https://github.com/katerinity";"https://api.github.com/users/katerinity/followers";"https://api.github.com/users/katerinity/following{/other_user}";"https://api.github.com/users/katerinity/gists{/gist_id}";"https://api.github.com/users/katerinity/starred{/owner}{/repo}";"https://api.github.com/users/katerinity/subscriptions";"https://api.github.com/users/katerinity/orgs";"https://api.github.com/users/katerinity/repos";"https://api.github.com/users/katerinity/events{/privacy}";"https://api.github.com/users/katerinity/received_events";"User";0
"kiddouk";391998,00;"MDQ6VXNlcjM5MTk5OA==";"https://avatars3.githubusercontent.com/u/391998?v=4";"";"https://api.github.com/users/kiddouk";"https://github.com/kiddouk";"https://api.github.com/users/kiddouk/followers";"https://api.github.com/users/kiddouk/following{/other_user}";"https://api.github.com/users/kiddouk/gists{/gist_id}";"https://api.github.com/users/kiddouk/starred{/owner}{/repo}";"https://api.github.com/users/kiddouk/subscriptions";"https://api.github.com/users/kiddouk/orgs";"https://api.github.com/users/kiddouk/repos";"https://api.github.com/users/kiddouk/events{/privacy}";"https://api.github.com/users/kiddouk/received_events";"User";0
"leopolex";40175980,00;"MDQ6VXNlcjQwMTc1OTgw";"https://avatars2.githubusercontent.com/u/40175980?v=4";"";"https://api.github.com/users/leopolex";"https://github.com/leopolex";"https://api.github.com/users/leopolex/followers";"https://api.github.com/users/leopolex/following{/other_user}";"https://api.github.com/users/leopolex/gists{/gist_id}";"https://api.github.com/users/leopolex/starred{/owner}{/repo}";"https://api.github.com/users/leopolex/subscriptions";"https://api.github.com/users/leopolex/orgs";"https://api.github.com/users/leopolex/repos";"https://api.github.com/users/leopolex/events{/privacy}";"https://api.github.com/users/leopolex/received_events";"User";0
"linuz90";9629188,00;"MDQ6VXNlcjk2MjkxODg=";"https://avatars0.githubusercontent.com/u/9629188?v=4";"";"https://api.github.com/users/linuz90";"https://github.com/linuz90";"https://api.github.com/users/linuz90/followers";"https://api.github.com/users/linuz90/following{/other_user}";"https://api.github.com/users/linuz90/gists{/gist_id}";"https://api.github.com/users/linuz90/starred{/owner}{/repo}";"https://api.github.com/users/linuz90/subscriptions";"https://api.github.com/users/linuz90/orgs";"https://api.github.com/users/linuz90/repos";"https://api.github.com/users/linuz90/events{/privacy}";"https://api.github.com/users/linuz90/received_events";"User";0
"loghina";7072754,00;"MDQ6VXNlcjcwNzI3NTQ=";"https://avatars1.githubusercontent.com/u/7072754?v=4";"";"https://api.github.com/users/loghina";"https://github.com/loghina";"https://api.github.com/users/loghina/followers";"https://api.github.com/users/loghina/following{/other_user}";"https://api.github.com/users/loghina/gists{/gist_id}";"https://api.github.com/users/loghina/starred{/owner}{/repo}";"https://api.github.com/users/loghina/subscriptions";"https://api.github.com/users/loghina/orgs";"https://api.github.com/users/loghina/repos";"https://api.github.com/users/loghina/events{/privacy}";"https://api.github.com/users/loghina/received_events";"User";0
"lucaburgio";6526461,00;"MDQ6VXNlcjY1MjY0NjE=";"https://avatars3.githubusercontent.com/u/6526461?v=4";"";"https://api.github.com/users/lucaburgio";"https://github.com/lucaburgio";"https://api.github.com/users/lucaburgio/followers";"https://api.github.com/users/lucaburgio/following{/other_user}";"https://api.github.com/users/lucaburgio/gists{/gist_id}";"https://api.github.com/users/lucaburgio/starred{/owner}{/repo}";"https://api.github.com/users/lucaburgio/subscriptions";"https://api.github.com/users/lucaburgio/orgs";"https://api.github.com/users/lucaburgio/repos";"https://api.github.com/users/lucaburgio/events{/privacy}";"https://api.github.com/users/lucaburgio/received_events";"User";0
"lucaquerella";110147,00;"MDQ6VXNlcjExMDE0Nw==";"https://avatars0.githubusercontent.com/u/110147?v=4";"";"https://api.github.com/users/lucaquerella";"https://github.com/lucaquerella";"https://api.github.com/users/lucaquerella/followers";"https://api.github.com/users/lucaquerella/following{/other_user}";"https://api.github.com/users/lucaquerella/gists{/gist_id}";"https://api.github.com/users/lucaquerella/starred{/owner}{/repo}";"https://api.github.com/users/lucaquerella/subscriptions";"https://api.github.com/users/lucaquerella/orgs";"https://api.github.com/users/lucaquerella/repos";"https://api.github.com/users/lucaquerella/events{/privacy}";"https://api.github.com/users/lucaquerella/received_events";"User";0
"luke10ferrari";1499550,00;"MDQ6VXNlcjE0OTk1NTA=";"https://avatars1.githubusercontent.com/u/1499550?v=4";"";"https://api.github.com/users/luke10ferrari";"https://github.com/luke10ferrari";"https://api.github.com/users/luke10ferrari/followers";"https://api.github.com/users/luke10ferrari/following{/other_user}";"https://api.github.com/users/luke10ferrari/gists{/gist_id}";"https://api.github.com/users/luke10ferrari/starred{/owner}{/repo}";"https://api.github.com/users/luke10ferrari/subscriptions";"https://api.github.com/users/luke10ferrari/orgs";"https://api.github.com/users/luke10ferrari/repos";"https://api.github.com/users/luke10ferrari/events{/privacy}";"https://api.github.com/users/luke10ferrari/received_events";"User";0
"luke14free";166602,00;"MDQ6VXNlcjE2NjYwMg==";"https://avatars2.githubusercontent.com/u/166602?v=4";"";"https://api.github.com/users/luke14free";"https://github.com/luke14free";"https://api.github.com/users/luke14free/followers";"https://api.github.com/users/luke14free/following{/other_user}";"https://api.github.com/users/luke14free/gists{/gist_id}";"https://api.github.com/users/luke14free/starred{/owner}{/repo}";"https://api.github.com/users/luke14free/subscriptions";"https://api.github.com/users/luke14free/orgs";"https://api.github.com/users/luke14free/repos";"https://api.github.com/users/luke14free/events{/privacy}";"https://api.github.com/users/luke14free/received_events";"User";0
"luposcarpa";20534661,00;"MDQ6VXNlcjIwNTM0NjYx";"https://avatars3.githubusercontent.com/u/20534661?v=4";"";"https://api.github.com/users/luposcarpa";"https://github.com/luposcarpa";"https://api.github.com/users/luposcarpa/followers";"https://api.github.com/users/luposcarpa/following{/other_user}";"https://api.github.com/users/luposcarpa/gists{/gist_id}";"https://api.github.com/users/luposcarpa/starred{/owner}{/repo}";"https://api.github.com/users/luposcarpa/subscriptions";"https://api.github.com/users/luposcarpa/orgs";"https://api.github.com/users/luposcarpa/repos";"https://api.github.com/users/luposcarpa/events{/privacy}";"https://api.github.com/users/luposcarpa/received_events";"User";0
"mac111295";35931697,00;"MDQ6VXNlcjM1OTMxNjk3";"https://avatars1.githubusercontent.com/u/35931697?v=4";"";"https://api.github.com/users/mac111295";"https://github.com/mac111295";"https://api.github.com/users/mac111295/followers";"https://api.github.com/users/mac111295/following{/other_user}";"https://api.github.com/users/mac111295/gists{/gist_id}";"https://api.github.com/users/mac111295/starred{/owner}{/repo}";"https://api.github.com/users/mac111295/subscriptions";"https://api.github.com/users/mac111295/orgs";"https://api.github.com/users/mac111295/repos";"https://api.github.com/users/mac111295/events{/privacy}";"https://api.github.com/users/mac111295/received_events";"User";0
"madbat";325137,00;"MDQ6VXNlcjMyNTEzNw==";"https://avatars0.githubusercontent.com/u/325137?v=4";"";"https://api.github.com/users/madbat";"https://github.com/madbat";"https://api.github.com/users/madbat/followers";"https://api.github.com/users/madbat/following{/other_user}";"https://api.github.com/users/madbat/gists{/gist_id}";"https://api.github.com/users/madbat/starred{/owner}{/repo}";"https://api.github.com/users/madbat/subscriptions";"https://api.github.com/users/madbat/orgs";"https://api.github.com/users/madbat/repos";"https://api.github.com/users/madbat/events{/privacy}";"https://api.github.com/users/madbat/received_events";"User";0
"MarcoMene";8931458,00;"MDQ6VXNlcjg5MzE0NTg=";"https://avatars2.githubusercontent.com/u/8931458?v=4";"";"https://api.github.com/users/MarcoMene";"https://github.com/MarcoMene";"https://api.github.com/users/MarcoMene/followers";"https://api.github.com/users/MarcoMene/following{/other_user}";"https://api.github.com/users/MarcoMene/gists{/gist_id}";"https://api.github.com/users/MarcoMene/starred{/owner}{/repo}";"https://api.github.com/users/MarcoMene/subscriptions";"https://api.github.com/users/MarcoMene/orgs";"https://api.github.com/users/MarcoMene/repos";"https://api.github.com/users/MarcoMene/events{/privacy}";"https://api.github.com/users/MarcoMene/received_events";"User";0
"marcopaz";918535,00;"MDQ6VXNlcjkxODUzNQ==";"https://avatars2.githubusercontent.com/u/918535?v=4";"";"https://api.github.com/users/marcopaz";"https://github.com/marcopaz";"https://api.github.com/users/marcopaz/followers";"https://api.github.com/users/marcopaz/following{/other_user}";"https://api.github.com/users/marcopaz/gists{/gist_id}";"https://api.github.com/users/marcopaz/starred{/owner}{/repo}";"https://api.github.com/users/marcopaz/subscriptions";"https://api.github.com/users/marcopaz/orgs";"https://api.github.com/users/marcopaz/repos";"https://api.github.com/users/marcopaz/events{/privacy}";"https://api.github.com/users/marcopaz/received_events";"User";0
"marta-mrm";35073054,00;"MDQ6VXNlcjM1MDczMDU0";"https://avatars3.githubusercontent.com/u/35073054?v=4";"";"https://api.github.com/users/marta-mrm";"https://github.com/marta-mrm";"https://api.github.com/users/marta-mrm/followers";"https://api.github.com/users/marta-mrm/following{/other_user}";"https://api.github.com/users/marta-mrm/gists{/gist_id}";"https://api.github.com/users/marta-mrm/starred{/owner}{/repo}";"https://api.github.com/users/marta-mrm/subscriptions";"https://api.github.com/users/marta-mrm/orgs";"https://api.github.com/users/marta-mrm/repos";"https://api.github.com/users/marta-mrm/events{/privacy}";"https://api.github.com/users/marta-mrm/received_events";"User";0
"matteomartinelli";5315560,00;"MDQ6VXNlcjUzMTU1NjA=";"https://avatars3.githubusercontent.com/u/5315560?v=4";"";"https://api.github.com/users/matteomartinelli";"https://github.com/matteomartinelli";"https://api.github.com/users/matteomartinelli/followers";"https://api.github.com/users/matteomartinelli/following{/other_user}";"https://api.github.com/users/matteomartinelli/gists{/gist_id}";"https://api.github.com/users/matteomartinelli/starred{/owner}{/repo}";"https://api.github.com/users/matteomartinelli/subscriptions";"https://api.github.com/users/matteomartinelli/orgs";"https://api.github.com/users/matteomartinelli/repos";"https://api.github.com/users/matteomartinelli/events{/privacy}";"https://api.github.com/users/matteomartinelli/received_events";"User";0
"mdanieli";798012,00;"MDQ6VXNlcjc5ODAxMg==";"https://avatars1.githubusercontent.com/u/798012?v=4";"";"https://api.github.com/users/mdanieli";"https://github.com/mdanieli";"https://api.github.com/users/mdanieli/followers";"https://api.github.com/users/mdanieli/following{/other_user}";"https://api.github.com/users/mdanieli/gists{/gist_id}";"https://api.github.com/users/mdanieli/starred{/owner}{/repo}";"https://api.github.com/users/mdanieli/subscriptions";"https://api.github.com/users/mdanieli/orgs";"https://api.github.com/users/mdanieli/repos";"https://api.github.com/users/mdanieli/events{/privacy}";"https://api.github.com/users/mdanieli/received_events";"User";0
"ocardia";17234641,00;"MDQ6VXNlcjE3MjM0NjQx";"https://avatars2.githubusercontent.com/u/17234641?v=4";"";"https://api.github.com/users/ocardia";"https://github.com/ocardia";"https://api.github.com/users/ocardia/followers";"https://api.github.com/users/ocardia/following{/other_user}";"https://api.github.com/users/ocardia/gists{/gist_id}";"https://api.github.com/users/ocardia/starred{/owner}{/repo}";"https://api.github.com/users/ocardia/subscriptions";"https://api.github.com/users/ocardia/orgs";"https://api.github.com/users/ocardia/repos";"https://api.github.com/users/ocardia/events{/privacy}";"https://api.github.com/users/ocardia/received_events";"User";0
"ParideBifulco";15627314,00;"MDQ6VXNlcjE1NjI3MzE0";"https://avatars1.githubusercontent.com/u/15627314?v=4";"";"https://api.github.com/users/ParideBifulco";"https://github.com/ParideBifulco";"https://api.github.com/users/ParideBifulco/followers";"https://api.github.com/users/ParideBifulco/following{/other_user}";"https://api.github.com/users/ParideBifulco/gists{/gist_id}";"https://api.github.com/users/ParideBifulco/starred{/owner}{/repo}";"https://api.github.com/users/ParideBifulco/subscriptions";"https://api.github.com/users/ParideBifulco/orgs";"https://api.github.com/users/ParideBifulco/repos";"https://api.github.com/users/ParideBifulco/events{/privacy}";"https://api.github.com/users/ParideBifulco/received_events";"User";0
"petartrend";27850334,00;"MDQ6VXNlcjI3ODUwMzM0";"https://avatars0.githubusercontent.com/u/27850334?v=4";"";"https://api.github.com/users/petartrend";"https://github.com/petartrend";"https://api.github.com/users/petartrend/followers";"https://api.github.com/users/petartrend/following{/other_user}";"https://api.github.com/users/petartrend/gists{/gist_id}";"https://api.github.com/users/petartrend/starred{/owner}{/repo}";"https://api.github.com/users/petartrend/subscriptions";"https://api.github.com/users/petartrend/orgs";"https://api.github.com/users/petartrend/repos";"https://api.github.com/users/petartrend/events{/privacy}";"https://api.github.com/users/petartrend/received_events";"User";0
"plccrl-bs";32716124,00;"MDQ6VXNlcjMyNzE2MTI0";"https://avatars3.githubusercontent.com/u/32716124?v=4";"";"https://api.github.com/users/plccrl-bs";"https://github.com/plccrl-bs";"https://api.github.com/users/plccrl-bs/followers";"https://api.github.com/users/plccrl-bs/following{/other_user}";"https://api.github.com/users/plccrl-bs/gists{/gist_id}";"https://api.github.com/users/plccrl-bs/starred{/owner}{/repo}";"https://api.github.com/users/plccrl-bs/subscriptions";"https://api.github.com/users/plccrl-bs/orgs";"https://api.github.com/users/plccrl-bs/repos";"https://api.github.com/users/plccrl-bs/events{/privacy}";"https://api.github.com/users/plccrl-bs/received_events";"User";0
"SC-BENDING";16803473,00;"MDQ6VXNlcjE2ODAzNDcz";"https://avatars0.githubusercontent.com/u/16803473?v=4";"";"https://api.github.com/users/SC-BENDING";"https://github.com/SC-BENDING";"https://api.github.com/users/SC-BENDING/followers";"https://api.github.com/users/SC-BENDING/following{/other_user}";"https://api.github.com/users/SC-BENDING/gists{/gist_id}";"https://api.github.com/users/SC-BENDING/starred{/owner}{/repo}";"https://api.github.com/users/SC-BENDING/subscriptions";"https://api.github.com/users/SC-BENDING/orgs";"https://api.github.com/users/SC-BENDING/repos";"https://api.github.com/users/SC-BENDING/events{/privacy}";"https://api.github.com/users/SC-BENDING/received_events";"User";0
"serenadg";23152109,00;"MDQ6VXNlcjIzMTUyMTA5";"https://avatars3.githubusercontent.com/u/23152109?v=4";"";"https://api.github.com/users/serenadg";"https://github.com/serenadg";"https://api.github.com/users/serenadg/followers";"https://api.github.com/users/serenadg/following{/other_user}";"https://api.github.com/users/serenadg/gists{/gist_id}";"https://api.github.com/users/serenadg/starred{/owner}{/repo}";"https://api.github.com/users/serenadg/subscriptions";"https://api.github.com/users/serenadg/orgs";"https://api.github.com/users/serenadg/repos";"https://api.github.com/users/serenadg/events{/privacy}";"https://api.github.com/users/serenadg/received_events";"User";0
"smaramba";1080815,00;"MDQ6VXNlcjEwODA4MTU=";"https://avatars1.githubusercontent.com/u/1080815?v=4";"";"https://api.github.com/users/smaramba";"https://github.com/smaramba";"https://api.github.com/users/smaramba/followers";"https://api.github.com/users/smaramba/following{/other_user}";"https://api.github.com/users/smaramba/gists{/gist_id}";"https://api.github.com/users/smaramba/starred{/owner}{/repo}";"https://api.github.com/users/smaramba/subscriptions";"https://api.github.com/users/smaramba/orgs";"https://api.github.com/users/smaramba/repos";"https://api.github.com/users/smaramba/events{/privacy}";"https://api.github.com/users/smaramba/received_events";"User";0
"sroddy";729934,00;"MDQ6VXNlcjcyOTkzNA==";"https://avatars2.githubusercontent.com/u/729934?v=4";"";"https://api.github.com/users/sroddy";"https://github.com/sroddy";"https://api.github.com/users/sroddy/followers";"https://api.github.com/users/sroddy/following{/other_user}";"https://api.github.com/users/sroddy/gists{/gist_id}";"https://api.github.com/users/sroddy/starred{/owner}{/repo}";"https://api.github.com/users/sroddy/subscriptions";"https://api.github.com/users/sroddy/orgs";"https://api.github.com/users/sroddy/repos";"https://api.github.com/users/sroddy/events{/privacy}";"https://api.github.com/users/sroddy/received_events";"User";0
"stefano-alba";40021108,00;"MDQ6VXNlcjQwMDIxMTA4";"https://avatars2.githubusercontent.com/u/40021108?v=4";"";"https://api.github.com/users/stefano-alba";"https://github.com/stefano-alba";"https://api.github.com/users/stefano-alba/followers";"https://api.github.com/users/stefano-alba/following{/other_user}";"https://api.github.com/users/stefano-alba/gists{/gist_id}";"https://api.github.com/users/stefano-alba/starred{/owner}{/repo}";"https://api.github.com/users/stefano-alba/subscriptions";"https://api.github.com/users/stefano-alba/orgs";"https://api.github.com/users/stefano-alba/repos";"https://api.github.com/users/stefano-alba/events{/privacy}";"https://api.github.com/users/stefano-alba/received_events";"User";0
"sterenna";39993528,00;"MDQ6VXNlcjM5OTkzNTI4";"https://avatars2.githubusercontent.com/u/39993528?v=4";"";"https://api.github.com/users/sterenna";"https://github.com/sterenna";"https://api.github.com/users/sterenna/followers";"https://api.github.com/users/sterenna/following{/other_user}";"https://api.github.com/users/sterenna/gists{/gist_id}";"https://api.github.com/users/sterenna/starred{/owner}{/repo}";"https://api.github.com/users/sterenna/subscriptions";"https://api.github.com/users/sterenna/orgs";"https://api.github.com/users/sterenna/repos";"https://api.github.com/users/sterenna/events{/privacy}";"https://api.github.com/users/sterenna/received_events";"User";0
"TheInkedEngineer";13349066,00;"MDQ6VXNlcjEzMzQ5MDY2";"https://avatars3.githubusercontent.com/u/13349066?v=4";"";"https://api.github.com/users/TheInkedEngineer";"https://github.com/TheInkedEngineer";"https://api.github.com/users/TheInkedEngineer/followers";"https://api.github.com/users/TheInkedEngineer/following{/other_user}";"https://api.github.com/users/TheInkedEngineer/gists{/gist_id}";"https://api.github.com/users/TheInkedEngineer/starred{/owner}{/repo}";"https://api.github.com/users/TheInkedEngineer/subscriptions";"https://api.github.com/users/TheInkedEngineer/orgs";"https://api.github.com/users/TheInkedEngineer/repos";"https://api.github.com/users/TheInkedEngineer/events{/privacy}";"https://api.github.com/users/TheInkedEngineer/received_events";"User";0
"untakatapuntaka";15791026,00;"MDQ6VXNlcjE1NzkxMDI2";"https://avatars2.githubusercontent.com/u/15791026?v=4";"";"https://api.github.com/users/untakatapuntaka";"https://github.com/untakatapuntaka";"https://api.github.com/users/untakatapuntaka/followers";"https://api.github.com/users/untakatapuntaka/following{/other_user}";"https://api.github.com/users/untakatapuntaka/gists{/gist_id}";"https://api.github.com/users/untakatapuntaka/starred{/owner}{/repo}";"https://api.github.com/users/untakatapuntaka/subscriptions";"https://api.github.com/users/untakatapuntaka/orgs";"https://api.github.com/users/untakatapuntaka/repos";"https://api.github.com/users/untakatapuntaka/events{/privacy}";"https://api.github.com/users/untakatapuntaka/received_events";"User";0
"valerio-castelli";15108617,00;"MDQ6VXNlcjE1MTA4NjE3";"https://avatars1.githubusercontent.com/u/15108617?v=4";"";"https://api.github.com/users/valerio-castelli";"https://github.com/valerio-castelli";"https://api.github.com/users/valerio-castelli/followers";"https://api.github.com/users/valerio-castelli/following{/other_user}";"https://api.github.com/users/valerio-castelli/gists{/gist_id}";"https://api.github.com/users/valerio-castelli/starred{/owner}{/repo}";"https://api.github.com/users/valerio-castelli/subscriptions";"https://api.github.com/users/valerio-castelli/orgs";"https://api.github.com/users/valerio-castelli/repos";"https://api.github.com/users/valerio-castelli/events{/privacy}";"https://api.github.com/users/valerio-castelli/received_events";"User";0
"valeriovolpe";22813482,00;"MDQ6VXNlcjIyODEzNDgy";"https://avatars0.githubusercontent.com/u/22813482?v=4";"";"https://api.github.com/users/valeriovolpe";"https://github.com/valeriovolpe";"https://api.github.com/users/valeriovolpe/followers";"https://api.github.com/users/valeriovolpe/following{/other_user}";"https://api.github.com/users/valeriovolpe/gists{/gist_id}";"https://api.github.com/users/valeriovolpe/starred{/owner}{/repo}";"https://api.github.com/users/valeriovolpe/subscriptions";"https://api.github.com/users/valeriovolpe/orgs";"https://api.github.com/users/valeriovolpe/repos";"https://api.github.com/users/valeriovolpe/events{/privacy}";"https://api.github.com/users/valeriovolpe/received_events";"User";0
"voxsim";1021456,00;"MDQ6VXNlcjEwMjE0NTY=";"https://avatars3.githubusercontent.com/u/1021456?v=4";"";"https://api.github.com/users/voxsim";"https://github.com/voxsim";"https://api.github.com/users/voxsim/followers";"https://api.github.com/users/voxsim/following{/other_user}";"https://api.github.com/users/voxsim/gists{/gist_id}";"https://api.github.com/users/voxsim/starred{/owner}{/repo}";"https://api.github.com/users/voxsim/subscriptions";"https://api.github.com/users/voxsim/orgs";"https://api.github.com/users/voxsim/repos";"https://api.github.com/users/voxsim/events{/privacy}";"https://api.github.com/users/voxsim/received_events";"User";0
"xelhark";325178,00;"MDQ6VXNlcjMyNTE3OA==";"https://avatars3.githubusercontent.com/u/325178?v=4";"";"https://api.github.com/users/xelhark";"https://github.com/xelhark";"https://api.github.com/users/xelhark/followers";"https://api.github.com/users/xelhark/following{/other_user}";"https://api.github.com/users/xelhark/gists{/gist_id}";"https://api.github.com/users/xelhark/starred{/owner}{/repo}";"https://api.github.com/users/xelhark/subscriptions";"https://api.github.com/users/xelhark/orgs";"https://api.github.com/users/xelhark/repos";"https://api.github.com/users/xelhark/events{/privacy}";"https://api.github.com/users/xelhark/received_events";"User";0
"zkeserli";33694015,00;"MDQ6VXNlcjMzNjk0MDE1";"https://avatars2.githubusercontent.com/u/33694015?v=4";"";"https://api.github.com/users/zkeserli";"https://github.com/zkeserli";"https://api.github.com/users/zkeserli/followers";"https://api.github.com/users/zkeserli/following{/other_user}";"https://api.github.com/users/zkeserli/gists{/gist_id}";"https://api.github.com/users/zkeserli/starred{/owner}{/repo}";"https://api.github.com/users/zkeserli/subscriptions";"https://api.github.com/users/zkeserli/orgs";"https://api.github.com/users/zkeserli/repos";"https://api.github.com/users/zkeserli/events{/privacy}";"https://api.github.com/users/zkeserli/received_events";"User";0
